Commit on Sun Jul  6 09:49:12 UTC 2025
Commit on Mon Jul  7 03:26:28 UTC 2025
Commit on Tue Jul  8 03:21:19 UTC 2025
Commit on Wed Jul  9 03:24:00 UTC 2025
Commit on Thu Jul 10 03:23:50 UTC 2025
Commit on Fri Jul 11 03:38:27 UTC 2025
Commit on Sat Jul 12 03:26:46 UTC 2025
Commit on Sun Jul 13 03:41:38 UTC 2025
Commit on Mon Jul 14 03:42:35 UTC 2025
Commit on Tue Jul 15 03:39:59 UTC 2025
Commit on Wed Jul 16 03:37:49 UTC 2025
Commit on Thu Jul 17 03:37:39 UTC 2025
Commit on Fri Jul 18 03:39:53 UTC 2025
Commit on Sat Jul 19 03:24:31 UTC 2025
Commit on Sun Jul 20 03:47:09 UTC 2025
Commit on Mon Jul 21 03:45:51 UTC 2025
Commit on Tue Jul 22 03:39:29 UTC 2025
Commit on Wed Jul 23 03:41:04 UTC 2025
Commit on Thu Jul 24 03:39:31 UTC 2025
Commit on Fri Jul 25 03:39:53 UTC 2025
Commit on Sat Jul 26 03:36:22 UTC 2025
